Study_Hours,Attendance,Previous_Score,Assignment_Score,Internal_Assessment,Quiz_Score,Sleep_Hours,Previous_GPA,Backlogs,Internet_Usage,Extracurricular,Participation,Final_Score
33,73,71,70,43,90,4,2.6049326349229394,0,Medium,No,High,71.04414512202273
19,68,68,54,62,93,9,3.717396242489148,0,High,Yes,Medium,65.77710012267859
12,99,82,97,81,50,5,3.714461874739582,0,Medium,No,High,80.96564186054302
25,61,41,69,59,69,7,3.529301900769747,2,Low,Yes,Low,52.850232756016524
23,84,99,86,54,99,4,2.293390228030363,1,Medium,No,High,85.89586453962391
27,98,62,52,89,87,5,3.380645693801458,1,Medium,Yes,Medium,76.62065518144539
15,68,58,93,91,92,5,3.8900481291611375,0,High,Yes,High,78.36787070970736
15,81,70,82,84,74,9,3.365080957534314,1,Medium,Yes,Low,77.46965548031221
28,63,90,58,68,61,6,2.663233698215668,0,Low,Yes,Low,71.24339525700334
28,85,44,58,47,77,6,3.0011586348616626,0,Medium,Yes,Medium,59.02976804071453
7,88,58,53,80,70,4,3.291450086702107,0,Medium,No,Medium,69.40342215319382
26,93,73,84,87,53,6,3.021140817457007,0,Medium,Yes,Medium,78.12878390214375
6,82,49,66,58,63,5,2.2399058834619394,1,High,No,Low,61.20406767565603
28,96,64,83,87,89,6,2.6241280893040413,0,Medium,Yes,High,79.50794034729809
34,70,41,73,78,88,8,3.604792061107265,0,Medium,Yes,High,66.73289160167961
6,65,50,81,85,71,6,3.722836092191035,0,High,No,Medium,67.35898360646821
25,77,89,50,67,75,5,2.2746000654311405,0,High,Yes,High,73.86251549436817
37,80,70,57,85,71,9,3.9047735047974492,0,High,Yes,High,71.62985365034973
16,95,95,94,96,94,4,2.6576452356972187,0,High,Yes,Medium,94.24559376931661
26,97,54,72,66,54,7,3.3246274774614397,1,Low,Yes,Medium,66.96938155923682
29,93,48,96,43,82,6,3.5036502919133623,0,Low,No,Low,70.13781774221688
31,76,62,89,97,97,5,3.623892469275767,0,Medium,Yes,Low,77.5226237392448
32,96,58,61,54,74,7,3.89149940445186,0,Low,Yes,Low,64.25205984863511
20,84,48,61,74,42,7,2.6258390960576454,1,Medium,No,Low,59.168833138853955
19,97,74,95,76,55,8,3.7170129091031088,0,Low,No,High,79.35556437054228
7,71,60,96,40,44,7,2.263373806872414,0,High,Yes,High,60.5418016451359
11,82,48,64,42,60,9,3.4100818127071855,0,High,Yes,Low,59.11306993410756
25,81,67,90,86,49,5,3.483955459027972,0,Low,No,Low,74.36225089005328
13,80,85,68,63,58,5,3.355446482402641,0,Low,Yes,Medium,72.25077281355453
22,86,90,75,66,64,6,2.504629472270306,1,Medium,No,High,77.1936186363617
8,90,46,78,79,43,6,3.7460862940304067,0,Medium,Yes,High,68.33018802021562
29,65,55,71,75,68,6,2.3377169267407902,0,Medium,No,Low,67.71918143737028
18,86,55,89,73,58,9,2.1072695830416617,1,High,No,High,69.43752928621717
13,99,99,70,68,82,7,3.4349299812238243,0,High,No,Medium,85.83057913427429
30,93,72,87,63,41,7,2.9509514304654676,0,High,Yes,Medium,73.51547041522338
6,71,43,69,63,49,8,3.6981960399173524,0,High,Yes,High,58.31801386554871
24,66,43,78,81,82,9,2.7667942821165177,0,Medium,Yes,Low,65.61340364588389
32,69,78,53,43,64,6,2.3365571770154254,0,High,Yes,High,64.19908611990621
11,76,79,56,42,59,4,3.6728843849397395,0,High,No,Medium,62.1027408579164
12,85,56,77,73,87,8,3.0978192632801433,2,High,No,Low,69.36269776669351
39,80,76,77,96,58,4,2.3783915847807098,3,High,No,High,72.2536271900492
18,87,78,53,88,62,7,3.4407679971728915,0,Low,Yes,Low,72.92031611598718
21,61,99,71,62,63,8,3.022227276979001,0,Medium,Yes,Low,74.65905471142781
8,60,91,61,92,50,8,3.20862596448064,0,Medium,Yes,Medium,70.57698923859775
6,95,68,94,95,85,5,2.9217966764131638,1,High,No,Low,80.69937283408137
10,85,91,52,91,73,7,3.657417967636013,0,Low,Yes,High,79.72163015591838
8,88,75,71,62,94,7,3.6591254313660997,0,Medium,Yes,Low,76.24087396852477
33,80,99,93,84,67,9,3.4187776436487725,1,Medium,No,Low,81.39634867684795
22,70,77,51,44,44,8,2.2108027547929243,1,High,No,High,56.276443401731115
30,99,78,73,70,98,7,3.6777077238081377,1,High,Yes,Medium,79.06724181241587
38,70,89,83,92,44,8,3.3420259610658194,0,Medium,No,Medium,79.24916099546348
14,95,76,76,80,90,9,3.394048332008599,1,Medium,Yes,High,80.85822802273694
18,98,91,90,96,60,9,2.725965680807743,2,Low,No,High,82.55679560368542
35,99,74,50,96,51,5,3.758559112314013,0,Medium,No,Medium,72.8744681900577
19,94,46,57,99,89,8,3.4507432004697147,0,Medium,No,Low,74.82416883221445
12,93,66,72,93,43,7,2.2251809330583887,0,High,Yes,High,75.0722048703939
18,83,67,87,45,93,7,2.8155560688123256,3,Medium,Yes,Low,66.56387914403635
27,81,61,55,76,88,8,3.7727607239202836,0,High,Yes,High,72.42705171925265
25,64,53,71,96,81,8,2.0943934033947578,0,Medium,No,Medium,69.28874238310038
20,92,46,74,49,59,8,3.922833239284099,0,Medium,No,Low,64.7992232521125
22,95,76,67,79,77,6,3.3583251366391256,1,Medium,No,Low,76.27338408999698
28,79,61,66,46,64,7,3.2627519552867534,0,Low,No,High,66.17165839748435
30,78,44,61,78,53,9,2.5411185129759826,0,High,Yes,Low,58.330758776920405
29,94,94,55,77,50,7,2.497583577478354,0,Low,Yes,High,76.53909913723696
33,76,41,75,60,71,6,3.884116438977191,2,Medium,Yes,Medium,60.582919555798235
19,93,66,76,59,50,8,2.5965449084682453,0,Low,No,Low,65.1647837036055
5,68,60,57,42,57,5,3.551010593437999,0,High,No,High,57.757877191751064
29,85,93,68,90,66,8,2.7862435964141583,1,Medium,Yes,Low,79.11290736025363
11,61,77,91,61,94,8,2.278508141569408,0,Low,No,High,78.11932246108749
13,68,54,50,86,93,6,2.0214305953907177,2,Low,Yes,High,64.78982687082194
28,68,60,78,43,57,7,3.0885146740305016,0,High,No,High,63.660567638613934
5,99,49,94,67,95,8,3.9515576370978653,0,Low,No,Medium,78.08200050679449
12,76,62,98,51,62,7,2.7382723876184087,0,High,Yes,Low,70.43112909619072
28,60,97,84,77,50,4,2.7143846679860895,0,Medium,Yes,Medium,76.2645787570402
15,84,95,89,90,60,9,2.688183235698884,0,Medium,No,High,86.01994524304925
21,99,78,63,75,83,7,3.0410876746097166,0,Low,Yes,High,82.41930965917103
12,84,44,84,86,44,5,2.8813297668485873,1,Medium,Yes,Medium,62.63897540344492
39,98,40,97,80,62,9,3.759829253454029,0,Medium,No,Medium,71.49583704975186
39,94,52,94,44,80,5,3.0110415834469806,0,Low,No,Low,71.6489800548664
37,62,60,69,52,98,8,3.0155156763771376,0,Medium,No,High,68.70186535839134
9,96,65,98,62,64,9,2.276743189441113,3,Low,Yes,Medium,71.64660467910441
32,89,89,62,97,80,7,3.9654790818207717,0,High,No,High,85.41696379109038
11,97,84,87,89,93,9,2.4999457817376594,0,High,No,High,91.3682199810072
13,93,60,98,69,49,8,2.146728134919205,0,High,No,Low,75.08407365163995
12,71,92,95,76,61,6,3.3262924979504174,0,Low,No,Low,79.2220127668689
16,78,57,98,64,58,5,3.190732740313745,0,Low,No,Low,73.92218782379344
38,96,76,57,87,40,8,2.8302913079854912,2,Medium,Yes,Medium,71.2747613421854
37,76,84,92,66,46,6,2.844384467761356,0,Medium,No,High,75.72708010100469
27,69,71,69,90,43,9,3.5701278420928624,2,Medium,No,Medium,62.0864595150329
28,71,75,82,53,40,9,2.3914252801992983,0,Medium,Yes,Medium,63.9290036842513
39,75,56,75,96,54,8,3.6405066378897795,0,Medium,No,Low,69.80863125310742
26,83,74,88,87,79,7,3.297494227790036,2,Low,No,High,75.89649911573842
31,78,88,70,98,51,9,2.8379395475590488,0,Low,Yes,High,74.91562173327925
39,67,99,98,86,61,7,2.916057233167737,3,High,No,Low,75.59126860127401
5,90,50,91,93,61,7,2.513294414372192,0,High,Yes,High,73.36003485334
39,80,60,92,75,89,7,3.5042286653939496,2,High,No,Low,73.38985914762196
18,76,91,90,78,86,4,3.0257494846105355,0,High,Yes,Medium,87.91142610203167
7,82,94,58,55,56,6,2.641709085499687,0,Low,Yes,Medium,73.8184415486937
5,96,92,73,95,68,6,3.1921002315219003,0,Low,No,Low,85.08719093905718
9,75,65,86,61,85,9,3.9914689041026463,0,Low,Yes,Medium,74.3598991153456
30,65,43,98,60,53,9,2.8705245593131075,0,Medium,Yes,Medium,63.03113517117732
18,67,73,90,93,89,7,3.841382801557239,0,Medium,No,Low,82.07909041439187
31,84,91,66,60,59,4,2.690033679849132,0,High,No,Medium,75.07011577283228
13,77,87,73,47,89,7,2.1094654138499718,0,Medium,Yes,High,78.57239550202422
19,84,99,70,88,87,4,2.408484212736858,1,Low,No,Medium,86.39890360045497
19,71,57,88,55,72,7,2.8373902866553684,0,High,Yes,Low,68.11540000727715
30,74,79,90,98,94,5,2.439269857189138,0,High,Yes,High,85.06155128746819
17,85,74,88,94,98,5,2.000454076436511,0,Medium,No,High,87.43949695798086
36,85,80,62,70,82,8,3.8300030754950543,0,High,No,Medium,74.77305136378592
36,91,68,60,81,54,7,3.6877588224618583,0,Medium,Yes,High,67.83677434171321
8,69,91,95,49,51,9,3.4845844629738942,0,Medium,No,Low,72.07540401663202
34,75,68,68,71,79,6,2.3356291912920573,2,High,No,High,65.90725104982099
27,66,77,60,98,93,8,2.2407271524199723,1,Medium,Yes,Medium,76.26930459755451
19,76,81,62,73,59,9,2.135209498944766,0,Medium,Yes,Medium,70.85440229078026
33,82,60,95,48,69,5,3.448058377545842,0,Medium,Yes,High,71.35903200562245
17,85,81,94,56,77,7,3.8576159213757704,0,Medium,Yes,Low,79.05940785823786
36,80,52,50,50,42,8,2.861071641826074,0,High,Yes,Low,54.42528526803207
11,81,88,89,71,67,7,2.2382813439920963,0,Low,Yes,Medium,79.04907265097769
26,66,80,93,49,95,5,3.024785641464213,0,Low,No,Medium,77.21620874916863
32,73,56,68,61,65,8,2.6976638149172603,0,Medium,Yes,Low,63.54967252844209
6,74,95,61,96,69,5,2.7496498486999954,0,Medium,No,High,81.07533004636365
10,66,48,57,56,52,4,3.2426612483114146,0,Medium,No,High,55.77539521402343
32,68,80,57,43,52,5,3.4374362265244045,2,Low,Yes,High,58.855705238083175
32,67,40,94,87,41,7,2.2212071977463217,0,Medium,No,High,60.387822309879645
24,82,41,61,91,76,6,2.0711804616129528,1,High,Yes,Low,66.09115893515656
34,88,99,97,86,88,5,3.9886606053714297,3,High,No,Medium,86.62991132192397
15,77,87,82,64,77,9,2.4654566978311037,0,High,Yes,Medium,79.20928537978779
32,90,68,94,98,41,6,2.107661049816918,0,Low,Yes,High,81.25099013162213
29,89,72,75,60,75,4,2.37975065819184,0,Medium,Yes,Low,76.46644425319191
37,98,49,88,76,93,8,2.077915692696928,3,Medium,Yes,Low,72.14289839763346
5,94,89,77,77,65,8,2.7836217892343433,3,Medium,No,High,76.19538842525836
31,77,97,54,88,50,6,3.6048035689026485,0,Low,No,High,75.9767089023317
17,98,99,57,40,47,8,2.682488899515441,0,Low,No,High,74.23022899544371
7,76,79,74,64,83,5,2.888366813756733,1,Low,No,Medium,74.56381345171326
10,73,60,76,90,79,6,3.3511735471348776,0,Low,No,High,76.57280351156828
12,90,67,95,75,82,7,3.0177881401397606,1,High,Yes,Medium,83.59653216552562
31,83,50,72,56,61,5,3.7228913720426484,2,Low,Yes,Low,60.130521610807094
13,94,94,79,80,59,5,3.732071350091513,0,Low,Yes,Low,79.34344785591273
37,93,73,94,63,47,5,2.0198213909823073,0,Low,Yes,Medium,73.89651105341656
28,62,47,96,41,68,7,3.556092612966398,0,Medium,Yes,Medium,65.67299376374353
19,96,98,72,79,79,4,2.921467200483348,0,Medium,No,Medium,88.13730525651148
36,99,61,98,54,65,9,3.977681082607326,0,Medium,Yes,Medium,76.40209297448999
36,85,47,96,71,69,8,2.9664641517508703,1,High,Yes,High,68.96632417719047
28,82,88,69,78,56,6,3.973791890776595,2,High,No,Low,70.32195588154804
16,98,54,67,98,59,4,3.509138722411473,2,Low,No,High,72.105579509491
6,74,56,67,45,91,6,2.497209769226613,0,Medium,Yes,Medium,63.75357949705183
7,63,99,51,40,94,8,3.076789958573915,2,High,Yes,High,70.05862363307655
21,88,62,53,86,55,7,3.9842712789571655,1,Medium,No,High,63.34859646049171
6,81,63,79,62,85,5,3.715061215503847,0,High,Yes,Low,72.51930263034343
6,84,84,82,97,82,5,2.194733787582442,0,High,Yes,High,87.23591426090593
32,72,58,85,78,46,7,3.4127439936199924,0,Low,Yes,Low,66.90061165506641
27,77,44,67,96,55,4,2.691159171741626,2,Low,No,Medium,59.91310024926795
36,92,71,86,56,84,4,2.0139645237606962,0,High,Yes,High,77.92127253669737
37,75,83,68,73,98,6,2.806961938053999,1,Low,Yes,Medium,74.47799421513015
5,61,40,96,98,86,7,2.4695088434499426,0,High,No,Low,67.95170618590798
23,94,62,77,80,95,4,3.6377385410409433,1,High,No,Medium,78.47847296538785
6,93,76,89,68,87,7,2.674661217691531,0,Medium,No,Medium,81.6055801487644
30,89,47,69,48,66,8,3.655047387907634,0,Low,Yes,Low,64.21296952116292
36,72,52,98,52,92,5,2.0011958776695904,0,Low,No,Medium,73.43636603430141
10,72,47,82,45,62,5,2.6156383000522383,0,Low,Yes,Medium,63.34728521799093
36,77,96,61,45,63,5,2.4823304286155237,1,Medium,No,Medium,67.35798343084731
8,91,62,64,59,48,7,2.4671347221372217,0,Medium,Yes,High,64.25434142349219
15,91,82,90,91,74,7,2.1363732395309256,0,Medium,No,Medium,86.62517061408761
21,94,40,88,92,90,6,2.3742485408210037,0,Low,Yes,Low,76.8060033438073
28,98,84,51,42,59,5,3.1110991397712398,0,Low,Yes,High,74.64887516839258
9,88,90,78,56,76,6,2.582722145675489,0,Low,No,High,78.18477293353385
38,88,63,90,88,81,5,2.834789564658296,0,Medium,No,Low,82.1863368029082
10,75,74,59,51,56,6,2.7537337606943773,2,Medium,Yes,Medium,61.79454922007708
26,69,63,51,87,86,6,3.7518098499997894,0,High,No,High,65.56952826667307
15,89,56,60,86,70,8,3.8105979980210307,1,Medium,Yes,High,66.90436952654682
20,84,44,62,84,94,6,2.9859139433117203,3,High,No,High,63.625056024646646
37,98,59,59,94,96,7,2.660311900631209,0,Low,No,Medium,74.19126658340747
13,79,60,63,40,47,6,2.2136014080047275,0,Medium,Yes,High,55.3021879900567
10,64,79,67,56,54,5,3.90680575876419,0,Low,No,Low,62.877514842726704
20,60,97,58,42,70,6,2.120453889800595,3,Low,No,Medium,64.01826731016868
33,89,70,88,65,92,4,2.5953005551365607,2,Low,Yes,Low,74.98066548253313
7,62,85,77,54,69,9,2.5961324023400083,0,Low,Yes,Low,70.51008860537276
24,73,75,52,75,85,5,2.64080257228043,1,Medium,No,High,68.32875632966855
23,89,50,69,71,59,4,2.3285736865448188,0,Low,Yes,High,63.25175517668412
30,63,91,55,71,99,5,3.5663228618473943,3,High,No,High,69.4871936343198
7,77,54,76,43,78,7,2.2449957239319787,3,Medium,No,Low,55.30920390385633
23,96,58,51,57,92,9,3.2698133183063254,0,Low,Yes,Medium,71.52528227871782
24,84,46,78,88,94,9,2.247692053411635,0,Medium,Yes,High,76.88465944135443
36,60,90,87,58,51,7,2.1410712751859133,0,High,Yes,High,68.09787257322166
11,74,67,52,82,88,9,3.8188590073717528,0,Low,Yes,Low,69.86174068135182
37,68,90,65,91,56,7,2.3802575326374114,1,High,Yes,Medium,72.84197713873041
22,74,82,79,74,81,4,3.6425003091194084,0,Low,Yes,Low,78.10103098676595
5,83,97,89,79,69,8,3.089261742214272,0,High,No,High,87.70306084874879
15,63,44,51,53,68,5,2.155713039217539,0,Low,No,Low,53.21757843561215
32,71,44,66,97,58,7,3.910896382876135,3,Medium,Yes,High,57.67349707453742
29,96,69,90,72,85,5,2.493922333983785,0,Low,No,Medium,87.40810992760278
27,96,93,61,53,50,4,3.719290690705213,0,Medium,No,Low,74.5274141847894
35,65,71,84,73,73,8,2.337620011569128,0,Low,No,High,76.53247972059881
34,98,47,92,94,89,4,3.7078857642837058,3,Low,No,High,74.55397531477766
39,83,49,50,43,46,9,2.026457625810588,1,High,Yes,High,51.542582013848296
11,70,77,94,63,83,5,3.0235609131389616,0,High,No,High,76.35853202564914
20,72,86,64,98,97,8,3.5388851588431134,0,High,No,Low,82.23545481000059
30,93,71,75,68,73,9,3.8695910349855667,0,Low,Yes,High,73.79705375050689
6,84,87,86,58,98,8,3.818404272412974,0,Low,Yes,Low,81.7722680672086
5,66,67,70,45,59,9,3.63924973909529,0,Low,Yes,High,62.05387879794844
16,63,56,98,96,89,4,3.776382699322608,2,Medium,Yes,Low,73.33668708385446
9,67,70,80,72,77,7,2.398439371674153,0,Medium,No,Low,76.4019944234821
36,79,47,74,88,63,5,2.5683685914234573,1,Low,Yes,High,64.38009114640349
13,88,79,72,79,49,6,2.577937049842117,0,High,No,High,75.82303609275621
39,69,64,73,58,71,6,2.754107862003398,1,High,No,High,61.6942043068359
23,93,48,87,92,91,4,2.7866413407703776,1,High,Yes,High,77.97057728177464
20,85,41,77,40,54,5,3.089110649309351,0,Low,Yes,Medium,55.35663485014609
7,62,54,70,44,76,5,2.3197595267328825,0,High,Yes,High,62.19677294420287
24,65,89,92,66,59,4,3.3824933275719786,0,Low,Yes,High,76.6881500934364
28,64,42,67,55,42,5,2.335133078609013,0,Medium,Yes,High,53.10869411452042
37,64,88,85,45,76,7,2.620616964209095,0,High,Yes,Low,73.74947056416235
28,82,75,84,79,96,4,3.006690261212308,0,Medium,No,High,79.34749475121579
15,68,43,94,52,79,7,3.5928811230469546,3,High,No,Low,56.45345898026238
12,94,53,58,87,47,5,3.4789384664774543,0,Low,No,Low,68.07304031207796
24,79,80,87,74,79,4,3.2910687128210445,1,Low,No,Low,78.17387356036276
39,94,80,79,58,83,5,2.3115465211603405,0,Low,Yes,Low,79.13488652963747
29,77,64,93,51,95,4,3.0940906912311554,1,Low,Yes,Medium,73.9867959012721
39,76,97,83,55,62,5,2.174893003599771,0,High,No,High,78.65262056644251
29,83,94,81,98,79,7,2.7547263535933015,2,Medium,No,Low,81.96413690012024
33,62,89,52,82,50,7,2.827033060579918,0,Low,No,High,74.22199245168515
22,91,49,52,49,85,5,2.0796228788915077,0,High,Yes,Low,64.88151275700622
22,94,60,77,64,47,4,2.547976198939944,0,Medium,Yes,Medium,69.10413714671911
6,97,75,93,59,68,6,3.9112989345329785,0,Low,Yes,Low,78.52277739557213
39,72,51,64,70,69,7,3.907265215659379,0,Medium,No,High,65.25551937838839
20,84,66,90,43,95,7,2.7046541085050784,0,Low,No,High,73.72486426054782
37,68,79,72,83,99,9,2.086200217896648,0,Medium,Yes,Medium,77.25645051806146
8,63,41,89,62,49,6,2.358189878656363,2,Medium,Yes,High,58.73665127148077
37,73,93,60,41,78,5,2.7844355868670805,0,Low,No,High,72.41135035214141
18,96,52,97,95,67,4,3.8955593959384593,0,High,No,Low,76.97330162656978
25,93,92,81,61,88,9,2.28239812707437,1,Medium,Yes,High,82.76137139607937
24,70,71,85,90,75,5,3.5270316873364242,0,Low,No,Low,78.75037310769675
12,62,70,82,96,52,8,2.217365078749384,0,Medium,Yes,Medium,73.24250890791038
11,87,55,73,76,71,7,3.9625151547825537,0,Medium,Yes,High,72.49852452617291
7,88,71,88,47,75,8,2.76323299821827,3,High,No,Low,66.30088819452105
21,68,71,83,46,76,7,3.550469077798112,2,Medium,No,High,67.6982983233497
37,62,99,77,53,65,7,2.6851821656222636,2,Medium,No,Low,70.8418824478977
16,84,73,86,95,61,8,3.255337754317617,0,Low,Yes,Medium,79.47820153340777
26,93,50,56,94,43,8,2.3840321694800735,1,Low,No,Low,65.76898898728956
26,71,49,53,42,70,5,2.292042038593925,0,High,No,High,57.705451346542574
34,68,54,86,89,57,9,3.8761282791362626,0,Medium,Yes,Low,69.60210496190936
12,74,56,50,55,77,9,3.8352945558088667,0,Medium,Yes,High,57.43200663370609
31,99,79,50,94,63,8,3.7749378804257647,0,Medium,No,Medium,76.95899628923942
31,84,57,96,58,95,5,3.250866900333187,0,High,Yes,Low,74.480649224859
38,64,94,69,90,62,9,3.6165364224325565,0,Medium,Yes,High,79.02209060879473
25,70,48,68,57,61,5,2.1380738738227496,0,Low,Yes,High,61.68191637407132
34,93,64,78,91,41,5,2.6695780837813583,0,High,No,High,72.59593795443448
37,83,79,59,55,70,7,2.6274062495143125,1,Low,No,Low,67.51591704842262
32,74,98,67,47,94,9,3.2712906439052265,0,Low,Yes,Low,81.86260159103186
37,97,53,77,99,50,9,2.711915546941281,1,High,Yes,Low,69.84370486597261
9,67,99,84,72,67,7,2.2970135632873614,0,Low,Yes,Medium,78.3609249859275
23,64,97,92,88,85,8,3.1929341508270874,1,Medium,No,High,82.58465769396211
8,85,64,96,51,71,7,3.628767841338163,0,High,Yes,High,72.59000122377158
39,77,89,80,92,44,9,2.7642469889199464,0,Low,Yes,Medium,76.7772738941009
21,65,61,76,50,77,9,2.264537430196963,0,Medium,No,Medium,67.24078276655614
32,96,91,60,44,49,8,2.393376394625646,0,Medium,Yes,Low,68.05417310885197
34,72,69,98,66,79,7,2.474966610338768,1,Low,No,Low,72.68487917710894
33,87,59,98,51,85,4,2.5997951859890724,0,Medium,No,Low,75.00500510909026
10,64,60,87,56,63,4,3.2855901410126185,0,High,No,Low,66.47049244000458
39,72,83,54,45,74,8,3.2018909690754382,2,Low,Yes,Low,67.33366967504915
28,76,71,57,72,83,7,3.3921597231340783,0,Medium,Yes,Low,74.24047542552736
33,99,90,83,44,87,7,2.7250039690630263,0,Medium,No,Medium,79.84852568811091
35,91,85,97,96,99,5,3.6479953037599566,0,Low,Yes,Medium,88.53390411886083
39,88,88,61,67,62,9,2.4081753223115205,0,Low,No,Medium,75.59994252474199
37,62,95,87,53,56,6,2.938081495036308,0,Low,Yes,High,73.30362952707382
25,99,60,50,44,40,8,3.6018774430828606,0,Low,No,High,58.015947316033625
36,93,74,80,93,94,6,2.3603172954652383,3,High,No,Low,78.8822417949213
27,99,97,53,95,70,6,2.2197262274815657,0,Low,Yes,Medium,84.71139463666887
37,86,71,98,98,70,8,3.7673679353759795,0,High,Yes,High,81.62206312071164
7,72,69,94,72,81,7,2.6858593255183916,0,High,Yes,High,75.60183050992502
22,92,94,99,89,96,8,3.367740249818064,2,Low,Yes,Medium,88.6259169452247
29,65,78,54,87,94,6,2.050697208527877,1,High,No,High,71.52701751755744
35,83,88,79,80,81,9,3.3800937768188994,0,Low,No,High,84.03288819877947
7,78,51,73,58,92,9,2.6322026230939413,1,Low,Yes,Medium,63.84418827769683
28,75,80,52,61,95,9,2.1114817071748835,0,Medium,Yes,High,71.5186300130048
36,99,86,60,44,73,7,3.219625523096234,0,Low,No,Medium,74.351435713829
26,87,57,94,98,48,4,2.4816076321463463,0,Medium,Yes,High,75.18649518968972
27,92,60,53,41,61,8,2.77361448410376,0,High,Yes,Medium,62.851968985824946
6,72,52,75,69,52,9,2.161161624573027,0,Medium,Yes,High,67.23451568102158
31,84,60,76,86,64,8,2.2943265021898904,2,High,Yes,High,69.64425143521677
6,95,47,95,78,87,9,2.5959544709916873,0,Low,No,Medium,78.04186269407833
30,86,85,92,43,57,7,2.1795190011203145,3,High,No,High,69.56677397344093
21,97,79,76,72,90,4,3.8216525293726304,0,High,Yes,Medium,80.64026840860514
37,66,85,91,52,51,4,2.0120940863679566,0,Low,No,Medium,71.29357197030045
13,64,46,99,59,79,9,2.967720437728623,0,High,Yes,High,65.67933501957023
33,90,62,55,93,56,7,2.246494916265103,0,Low,Yes,Low,70.73446135110913
30,82,83,64,46,54,5,2.615358178955897,0,Medium,Yes,High,65.79743715275252
39,69,71,79,54,81,8,3.852119119636531,0,Low,No,Low,72.3350674391745
29,91,50,91,62,54,8,2.3233891065479737,0,Low,No,Low,68.56552082112795
28,89,61,86,53,54,6,3.931664639436665,0,High,No,High,70.81669646537807
17,98,61,86,62,94,7,2.4115887539788434,1,Medium,No,Low,75.05218362169146
11,90,82,91,58,78,6,3.483132216933659,0,Low,No,Medium,79.39726057031551
24,77,64,86,93,52,9,3.0933545297946234,0,Medium,Yes,Medium,72.73666256192311
5,95,61,84,68,56,6,3.7689574551935183,0,Medium,Yes,Low,71.83870149449235
12,61,67,72,95,71,4,3.1079865110062617,2,High,No,Medium,69.21269682214985
20,73,68,55,59,48,8,3.0691184383126173,1,Low,No,High,61.64360966611413
18,72,52,53,68,79,6,2.3909160007367998,0,High,No,Medium,66.46004616707083
16,88,57,67,63,59,4,2.3324587241033177,0,Low,Yes,Low,65.4090157109642
27,71,41,58,57,65,7,3.8329783022310284,0,Medium,No,High,49.70489880702481
19,98,68,98,49,66,6,2.655676397700068,3,Low,Yes,Medium,70.03115485393838
32,61,60,78,80,60,9,2.744164509925792,0,Low,Yes,High,67.26131585041672
38,91,54,62,96,57,9,3.519647316856777,0,Medium,No,Low,71.17906138210434
6,72,91,96,47,52,9,2.6776469648456147,0,Medium,Yes,Medium,76.35720854256743
36,86,66,66,65,55,8,3.9041248932780057,0,Low,Yes,High,67.20744493382061
27,76,89,94,68,48,6,3.4758555379976004,3,High,No,High,75.52832871483112
26,99,70,81,49,51,7,3.19485848514684,0,Low,Yes,Medium,69.93252839887555
29,90,54,97,56,83,6,3.7617903210895047,0,Medium,No,High,73.90071030287633
26,93,90,71,41,77,8,2.0992118166989657,0,High,Yes,High,75.34018031827839
26,83,62,53,45,58,4,2.5141253843784175,1,Medium,No,Low,59.28915352418034
10,94,63,54,97,99,8,2.93007266844182,1,Medium,No,Low,79.07801151754573
19,65,83,86,44,46,9,2.4539570789430423,0,High,Yes,Low,68.31814815220237
37,78,52,90,67,96,4,3.4878103746043037,0,Medium,No,Low,73.38040029581305
12,89,61,98,80,74,9,3.8384160621074503,2,Medium,Yes,Low,71.40807598324548
9,66,82,62,44,87,5,2.847540239861847,0,Medium,Yes,Low,69.276015628418
8,69,76,83,57,57,8,2.68426520022379,0,Medium,No,Medium,72.60097410006671
10,91,72,94,65,55,8,3.9231014642751325,0,Medium,Yes,Low,76.09952766868585
36,93,95,71,59,94,7,2.889704865655082,3,Medium,No,High,77.61441957217538
34,87,42,72,80,78,6,2.9780968008985664,0,Medium,Yes,Medium,70.31142915168658
39,74,93,52,88,43,4,2.703299744683811,1,Medium,Yes,High,70.12287177405886
20,89,58,91,66,98,4,3.8190969460242767,0,Medium,No,Low,80.58410726445425
17,96,62,83,88,64,7,3.1379109665637017,0,Low,Yes,Low,74.6307208092245
34,88,68,81,51,71,7,3.524349174363289,0,Low,Yes,High,73.85570794968206
23,81,69,94,46,79,6,3.6236134367017727,0,Medium,Yes,High,77.74265841539092
21,63,78,98,98,52,9,2.6836980838345164,0,Low,Yes,High,80.11571379490982
23,79,83,70,42,84,6,2.86738866264076,0,High,Yes,Medium,69.86545289672945
32,91,86,95,49,56,8,3.6969435488125293,0,Low,Yes,Low,77.47339351713823
30,95,64,93,73,88,9,2.7265107033516207,2,Medium,Yes,High,76.46609695068443
30,63,76,70,64,76,5,3.5878702669037024,3,Medium,Yes,Low,66.41991099341416
27,86,86,93,74,45,6,3.881984645148874,0,Low,No,High,76.78676376757713
13,76,47,60,55,58,7,3.246420746136014,0,Medium,Yes,Low,56.212126659214704
16,71,81,88,41,52,9,3.4832545749037775,0,High,Yes,Medium,66.83969713964001
5,81,97,53,99,96,6,3.6101946240822698,0,High,No,Low,83.49839949982437
5,76,55,50,63,99,4,3.690079297793285,1,Medium,No,High,61.49678668605537
38,69,47,77,49,65,5,2.790106675713592,0,High,No,Low,63.59581172039282
36,60,40,73,77,53,8,2.1025269183519963,0,High,Yes,Medium,56.805245458704064
29,81,83,84,61,70,4,2.803752542473479,1,Low,No,Medium,76.93185058426002
5,85,44,62,65,93,4,3.3475124595681796,0,High,No,Low,66.33593901443774
20,77,42,96,82,43,5,2.900700771561586,0,Low,Yes,High,65.95792256184917
9,73,40,83,94,99,8,3.4979263017207973,0,Medium,Yes,Medium,70.96711236092112
26,88,43,60,78,78,7,2.7139648589373278,0,Low,No,Medium,67.44004497426143
33,71,79,85,66,47,9,3.269488282208059,0,Medium,No,Low,72.15868846528468
7,95,74,66,68,64,8,2.372839609707949,1,Medium,Yes,Medium,72.3934878258781
16,94,71,84,86,52,6,3.4987388732899136,1,Medium,Yes,Medium,74.41315877964416
30,71,81,67,77,71,4,3.0913919376260517,0,Medium,Yes,High,73.24044814769395
20,66,73,89,59,98,6,2.408128777093201,2,Medium,Yes,High,73.62782223515086
26,88,82,71,66,77,7,2.5838223469956145,0,Low,Yes,High,78.31011122309101
33,70,64,73,80,77,6,3.4972174171636645,1,Medium,No,Low,69.59694462901709
18,92,49,68,93,95,8,2.9652024713230416,0,High,Yes,Medium,73.39191501666491
32,65,60,86,59,67,6,2.4320628807861446,2,High,Yes,Low,66.988215407051
9,74,85,88,83,92,7,3.934542380740595,2,Medium,Yes,Medium,79.19058652088434
34,91,78,70,58,69,7,3.430250039633776,0,High,Yes,Medium,74.58949467654915
9,70,66,57,59,42,7,3.9142696650795923,2,Low,Yes,Medium,55.97593274225055
16,82,66,77,74,67,8,2.854210090720686,1,Low,No,High,74.65942239452258
20,85,41,54,86,42,7,2.950200681383441,1,Medium,Yes,Low,56.71837077458481
30,93,80,66,41,84,4,3.7959104323700386,0,Medium,No,Low,73.78531611804868
30,93,87,86,69,93,7,3.0500986804907693,1,Medium,Yes,Medium,84.43662229623334
25,88,52,85,92,73,6,3.414557823811334,2,High,No,Low,69.56291822107563
37,63,48,68,73,55,9,2.5043457549910597,0,High,No,High,60.02319943380302
34,76,91,76,61,61,6,2.8934529374052813,3,Low,Yes,Low,74.74320716033556
27,94,75,83,42,71,9,2.24689973162071,0,High,Yes,Medium,75.44939111110219
14,72,61,60,45,77,6,2.4119600717539234,0,Low,Yes,High,63.526491843453165
9,98,81,94,54,47,8,2.001886830535262,0,High,Yes,High,76.41419021418157
38,74,65,96,66,94,6,2.0785301032973207,0,Low,Yes,Medium,80.91841430870592
35,88,97,61,49,47,8,3.9545676463538584,0,Medium,No,Low,77.17806540159596
14,88,93,70,48,96,8,2.484707390273525,0,High,Yes,Medium,82.80536075165402
23,70,51,60,72,45,7,3.3266214190080037,3,Low,Yes,Low,54.15766644612475
36,91,56,88,71,53,4,3.678199397599223,0,High,No,Low,70.73046929712237
5,61,53,77,87,71,9,3.1013209184731285,0,Medium,Yes,High,67.98267516168924
9,73,53,54,45,74,7,2.3062890001679124,0,Low,No,Medium,57.47968479027499
8,79,96,66,80,49,7,3.4562328746723328,0,High,Yes,High,74.8977720484425
20,81,73,69,98,42,8,3.200502820199166,2,High,No,Medium,65.9252801665485
28,70,92,90,75,98,8,3.46250117869475,0,Medium,Yes,Medium,86.37134794654959
20,86,96,95,98,51,9,3.5394932457141746,1,Medium,No,High,82.59325105535864
6,62,59,61,99,88,6,3.95082073536949,0,Low,No,Medium,69.35072919377504
32,76,50,55,41,98,6,3.1471265600534197,0,High,Yes,Medium,61.92754124959604
36,87,55,66,68,70,7,2.6832822253812036,0,High,Yes,Low,69.79058079904408
31,88,90,68,43,68,5,3.2969291138004744,0,Medium,Yes,Medium,73.69355966675816
24,80,70,75,40,44,5,2.1368814184852525,0,Medium,No,Medium,66.82654462547877
28,75,94,97,58,91,6,3.7947946366431724,0,Low,No,High,86.82831782628838
16,96,45,93,65,64,5,2.2387620226763936,0,High,No,High,68.50738334465805
39,79,95,93,64,80,6,2.6556856757716365,1,High,Yes,Medium,84.74565098777055
37,65,58,81,49,70,8,3.631490761252242,0,Low,Yes,Low,63.88283775571691
37,78,76,55,92,60,7,3.1946247566614234,0,Low,No,Low,71.20209775254817
16,64,97,85,54,97,4,2.7872710405548844,0,Medium,Yes,High,80.99129344917334
7,62,43,87,98,59,7,2.946871318750043,0,Medium,No,Medium,66.24298854648265
5,60,86,60,61,78,6,3.7090947864043606,2,Low,Yes,Medium,65.81991079912473
37,97,43,82,90,61,6,2.680008772119784,0,Low,Yes,Low,69.67061667927752
14,74,59,73,87,43,7,3.7392993696243426,0,High,No,Low,65.09748881261065
33,93,49,72,60,52,9,2.1762688619533828,3,Low,Yes,Low,58.77788561940803
17,94,63,64,98,84,6,3.5535968744172615,0,Low,Yes,High,77.4790728963659
16,84,93,76,95,81,5,3.6950952661094725,0,High,Yes,Medium,87.35461938679914
35,83,74,60,61,89,5,2.3636353056746775,0,Low,Yes,High,73.40472579440652
6,71,65,99,75,88,6,2.860693064744401,0,Medium,Yes,Medium,78.10402799196751
39,77,76,66,73,59,6,2.330999549327311,1,Medium,No,High,70.38562446966857
27,74,77,63,69,91,9,3.4132082579884355,1,High,Yes,Medium,75.33783614382537
21,75,60,76,64,52,5,3.0706955361233135,3,Low,No,Low,62.518044696583786
30,86,93,67,84,56,6,3.270646693416642,0,Medium,Yes,Low,82.18081284022844
12,67,79,77,67,93,6,2.3929739339124225,0,Medium,Yes,Low,78.24089833948261
33,84,78,96,40,75,9,2.423491724104839,1,Medium,No,High,78.8208212441843
30,76,60,96,88,72,9,2.0829946510198125,0,Medium,No,Low,77.27564753248716
14,88,49,53,84,40,7,2.6441350703914592,0,Low,Yes,Medium,62.151091630644146
30,67,77,56,43,54,9,3.11948932266735,0,Low,Yes,High,66.73784255100611
38,74,85,94,46,52,4,3.7158698279946574,0,Low,No,Medium,68.34806229980104
11,86,43,84,88,56,5,3.333854894917361,0,Low,No,High,68.07220702271138
8,66,99,97,48,63,7,2.8707926467995026,2,Medium,No,Medium,77.4549914583
15,62,96,58,75,97,4,3.906240228788276,2,High,No,Medium,76.56052590544336
33,88,84,57,58,47,6,3.4384904011516637,0,High,Yes,High,75.08130314967124
29,83,59,94,40,89,6,3.8603304057251,0,Medium,Yes,High,72.66497143666282
25,62,56,66,49,66,7,3.055175946544331,0,Medium,Yes,Low,58.788364795223615
14,79,94,66,75,84,9,2.517808549586279,2,High,Yes,Low,76.3858305066516
13,74,46,98,48,62,6,2.105653372729444,0,High,Yes,Medium,65.33613632572249
28,84,43,82,84,85,8,3.452169702967701,1,Medium,No,Medium,72.69329519190266
39,89,68,81,85,47,7,2.2426059960110685,0,Medium,No,Medium,77.46828201777099
39,73,53,57,81,47,4,2.6055502565439346,0,Low,No,High,60.98797065633265
22,66,42,68,71,98,7,3.064941815767795,0,Low,Yes,High,65.25601697335559
36,76,63,87,71,65,5,3.128833175559495,1,High,No,Low,68.67679684159428
28,79,76,52,45,86,9,3.201166393974272,0,Medium,Yes,Medium,67.63556890478891
27,95,55,54,87,98,9,2.332510660699401,0,High,Yes,Low,76.14251442687434
36,68,97,62,77,52,7,2.7594748096432973,0,Low,Yes,High,77.65442277746335
16,97,94,96,56,78,6,3.234388454233933,1,Low,No,High,83.50543263906039
17,81,91,95,49,76,6,3.9396377292675693,2,High,Yes,High,77.7359127042627
27,61,43,80,89,88,8,3.4552622753993774,0,Low,Yes,Low,67.1638438878416
29,83,95,65,66,67,8,3.8452075141879156,2,Medium,No,High,75.777743319104
39,67,63,99,93,64,9,3.524424116628354,0,High,Yes,Medium,74.87296795528708
34,70,73,81,89,55,8,3.183433937784801,0,Medium,No,Low,69.8470901210809
21,72,69,71,74,94,4,2.384046738272689,0,Medium,Yes,High,76.507381422224
24,76,57,78,91,41,8,3.333371303785026,0,Low,No,Low,67.09303274028652
29,67,58,71,98,93,4,3.246759131919814,1,Medium,Yes,Low,71.25111256822389
26,80,70,92,60,57,8,3.204938340914533,1,High,Yes,High,71.82117583338368
17,77,99,52,64,56,9,2.9795717359764815,0,Medium,No,High,74.20566728630524
23,89,99,59,67,69,9,3.0573132079785514,0,Medium,Yes,Low,80.61224331750476
16,77,58,91,86,78,4,2.668885054236208,1,Medium,No,Low,70.34053366950761
23,90,88,70,54,52,7,3.0386253852846066,2,Medium,Yes,High,71.41261802407298
16,97,85,65,43,71,9,2.3951118113569567,0,Medium,No,Medium,71.18188729929774
13,91,58,61,68,89,7,3.6103487947207533,3,Low,Yes,Low,66.88913028756201
11,70,61,51,98,68,6,2.3715539093974156,0,High,Yes,Low,69.63676256422117
32,84,63,90,48,85,4,2.1699325797789326,0,Low,Yes,Medium,70.91295971454957
18,92,84,73,66,69,9,2.872492052714315,1,High,No,High,77.1068659811631
35,97,51,84,65,57,5,3.316614879012124,0,High,No,High,71.91435825922886
23,67,69,79,58,52,6,2.875433649867083,0,High,No,Medium,65.50199275925694
20,70,97,79,95,82,7,2.553508263902617,0,High,No,High,86.79727273141724
9,81,77,96,67,60,9,3.1163423677808817,1,High,No,High,69.97918825454863
39,83,92,84,56,69,4,2.6940046708244,1,Medium,Yes,Low,79.94639223648682
16,76,70,68,82,60,8,3.865735380253266,0,Low,Yes,Low,71.15998847738635
29,71,75,99,96,87,5,3.845290279207144,0,Low,Yes,Low,83.43434124672794
25,91,58,57,80,94,7,3.004743639944191,0,Medium,Yes,Medium,75.06808290580895
27,74,87,75,81,56,6,2.655767988036517,0,High,Yes,High,79.90857935144795
20,75,84,98,89,79,4,3.474264827913278,0,Low,No,High,85.97143168270799
18,81,75,89,59,58,5,2.0734258869661333,1,Medium,Yes,Low,75.26742776609778
35,87,69,56,84,91,4,2.9495380120873023,0,Medium,No,Low,72.44343349494605
9,79,94,79,79,54,9,2.672646788540667,0,Low,Yes,Medium,81.08189767566812
39,92,88,56,78,48,8,3.8410717702051094,0,Low,No,High,74.63599229429146
27,69,94,52,88,91,6,2.024006054545365,0,High,No,Medium,77.67356179056736
33,99,72,50,92,49,4,3.105629751436698,2,High,No,High,64.6926371302743
15,91,57,85,62,83,7,3.481327162133252,0,Low,Yes,Medium,75.27357409800533
22,92,91,74,86,70,9,2.9700359750480825,0,High,Yes,Low,85.65058010683306
16,61,88,86,71,92,9,2.170806060325443,0,Medium,Yes,Medium,82.93404550198649
13,92,98,50,91,62,6,3.9449227800558044,0,High,Yes,Medium,83.10298087527006
14,92,67,64,86,91,9,3.0360208627521956,0,High,No,Low,76.30658062588327
21,72,98,86,72,69,7,3.2283724886380227,0,Medium,No,High,84.73141103062426
11,89,86,62,96,72,4,2.4732195654150146,0,High,No,High,83.9926950078237
17,92,50,89,85,96,6,2.9669961702136076,0,Medium,No,Low,77.83003214949458
13,72,96,57,44,91,9,2.8582989839166437,0,High,Yes,Medium,74.90685652742343
31,85,99,54,82,48,9,2.1497916840039677,0,Low,No,Medium,75.13169158590091
6,81,93,58,87,93,7,2.2123207070949347,3,High,Yes,Medium,79.66177258130666
9,98,84,50,73,86,8,3.6749450392375493,0,Low,No,High,75.62642570806213
33,61,72,85,79,40,8,2.4796399044131805,0,Low,No,Medium,69.71994134472754
23,97,56,84,50,83,9,2.389916542997261,0,Low,No,High,71.75634162376858
12,98,45,51,89,74,4,3.0098229025002787,0,Low,Yes,Medium,65.53429436088697
5,85,43,89,42,50,6,3.537494262725026,1,Low,Yes,Low,55.75054343887719
26,74,59,72,97,73,9,2.123893037157976,0,Medium,No,Low,71.969187744058
21,93,87,58,72,55,5,3.1536158392765117,1,Medium,No,High,70.8208297708042
11,99,86,83,50,48,6,2.2384208856811467,0,Medium,No,High,77.01283890654761
29,70,66,95,55,71,8,2.072922101651237,0,Low,Yes,Low,75.23867464680126
8,62,54,63,57,54,9,2.105487904324435,1,High,Yes,Low,56.249014652877776
10,65,45,53,69,51,7,3.6683282164168824,0,Medium,Yes,Medium,59.0945610045693
35,68,86,79,87,72,5,2.235944967256123,0,High,No,Low,77.08545349304369
23,65,53,80,94,84,9,2.090302728824584,0,High,Yes,High,69.0381184000013
31,68,99,87,49,53,4,2.8757997742858246,1,Low,No,Low,71.94596882354344
14,98,50,60,57,96,5,3.6879869438840496,0,Low,Yes,High,69.41979892248939
30,90,78,84,77,96,9,2.524816752978604,2,Low,No,High,85.59589737544862
23,91,48,57,58,47,4,2.843425235051833,0,Medium,No,Medium,56.42577057289711
7,71,65,52,75,47,5,2.0798450651275022,2,Low,Yes,Medium,59.63932623632485
17,67,55,63,98,66,4,2.8981570282697517,0,Medium,No,Medium,65.70006932791894
32,67,44,62,52,51,4,3.1552261612742676,1,Medium,No,Medium,52.00239389789807
24,87,96,94,95,40,5,3.1418141075042896,0,Medium,No,Low,82.73396017746732
32,79,91,81,85,82,5,2.6648533843487305,2,Medium,Yes,Medium,82.10827664807907
12,66,49,83,42,79,4,2.631066361326271,0,Low,No,Low,62.56214973408976
5,70,89,94,49,81,8,2.2132472378731958,0,Medium,Yes,Medium,81.17490710138833
7,79,42,68,77,90,5,2.7335966412925368,0,Low,Yes,Medium,67.40049038806512
17,75,52,87,40,50,9,2.198989337745929,0,Low,No,High,57.63675204564625
32,63,82,65,94,78,6,3.5331918894241032,0,Medium,Yes,Low,78.19308559195042
29,65,88,51,95,82,7,3.932548595496372,2,Low,No,High,68.12399873538064
37,81,69,89,66,70,4,3.940148913333414,3,High,Yes,Medium,65.36019463416719
10,85,93,66,85,56,4,3.7301421987507877,0,Low,No,Low,77.41559463973672
36,62,84,83,47,72,7,3.201584298679238,2,Low,Yes,Medium,66.24228891609532
25,73,45,91,90,71,8,3.4017313944877596,0,Medium,No,High,73.24204273076296
20,70,56,65,85,97,7,2.570411605360828,0,Medium,No,Low,70.75768722649927
25,77,98,87,81,68,5,3.2615408403452415,1,Low,No,High,85.04477058394934
15,71,84,51,56,60,7,2.9112990988797547,0,Medium,No,Medium,65.86416504282809
39,82,90,51,48,60,4,2.964034679553865,3,High,Yes,Medium,64.43529273802127
23,71,92,75,45,79,7,3.515553120750316,0,High,Yes,Medium,76.3480846230244
24,72,58,62,82,62,6,2.5638367111945035,0,Medium,No,Low,67.1921308341541
22,84,81,96,64,95,9,2.6360792233890398,0,Low,Yes,High,83.22014765116833
18,78,74,80,78,45,5,3.8492835822572733,0,High,No,High,71.49429022243021
19,95,85,83,88,61,7,2.1124485897019447,0,High,No,Medium,82.85373884146831
35,67,65,88,99,89,4,2.9712685968266808,3,Low,Yes,High,69.39517521940638
5,88,90,52,67,77,9,3.825601600815723,1,Medium,Yes,Low,74.4321962734634
7,91,44,57,72,76,5,3.220726015636314,1,High,No,Medium,62.23263148984744
20,77,68,72,93,84,4,3.092814148424264,0,Low,Yes,Medium,77.91014578815509
27,65,76,63,76,90,8,2.49948835845871,0,Low,No,Medium,73.48260234211934
15,77,59,76,48,93,6,2.6865509781288965,0,High,Yes,Low,72.12276360690637
16,78,88,78,57,47,8,3.7040968316093856,0,Medium,Yes,Medium,73.34017695041713
14,81,60,88,95,80,6,3.1184362635369163,0,High,Yes,Medium,76.92558860755949
36,96,49,88,98,88,7,3.02948438751356,1,Low,Yes,Medium,77.51539444433158
20,91,44,50,60,74,5,2.199159427080058,0,High,Yes,Medium,62.94833448175433
12,62,75,66,41,90,7,2.032056312910246,0,Medium,No,High,64.20358518442191
16,87,45,90,97,50,6,3.927370377374098,0,Low,Yes,Medium,69.51950296236483
28,69,65,79,82,63,6,2.7539723345736835,0,Medium,Yes,Low,69.4616465282293
32,94,43,62,98,88,6,3.206426124199009,0,High,No,Medium,72.821980405755
12,88,78,70,99,60,9,2.1594301463745698,2,High,No,Medium,75.9045730793839
32,74,78,68,77,90,4,3.366228571446093,0,Medium,No,High,77.05245545566979
30,92,89,68,97,41,5,3.865133417411922,1,High,Yes,Medium,72.44272376174416
12,66,74,74,79,79,7,3.1513305059948395,0,Medium,Yes,High,70.59616363361643
32,71,40,71,75,58,7,2.252230644750821,0,High,No,Low,59.872136357085765
32,89,63,80,89,78,8,3.1634430549469537,0,Medium,No,High,76.74706115328306
31,80,96,66,99,67,6,3.5326944262093045,2,Medium,No,Medium,78.910740757672
21,90,75,72,82,98,6,2.8128330731480373,1,Low,No,Low,78.96120367512906
13,83,45,81,76,56,6,3.7596754958829357,0,Low,Yes,Medium,69.16328493229807
37,79,80,59,54,45,7,3.297365906714729,0,Medium,Yes,High,61.862116830306945
24,96,93,59,67,58,8,3.798497836578405,0,High,Yes,Low,78.25525526305964
17,63,85,85,57,95,4,3.2470106224946744,0,High,Yes,Low,79.55602081232695
32,87,99,57,73,77,9,2.2625759440096482,2,High,Yes,High,78.4030769167168
33,79,83,69,61,67,5,2.6193834222103782,0,Medium,No,High,75.27454597600237
17,83,99,81,50,41,4,2.403589896504914,0,Medium,Yes,Low,78.01223181678188
39,91,96,99,97,77,7,3.8176529954337246,0,Medium,No,Low,91.69204022678554
10,95,70,63,96,94,9,3.5208001345749653,0,Medium,No,High,78.89703248604609
22,93,59,99,52,76,9,3.352796737820012,0,Low,No,Medium,71.23063665461065
9,95,63,77,43,90,9,2.6019326392632434,0,Medium,Yes,Low,72.52479433264061
29,61,64,95,61,91,6,2.3680895441004273,1,High,No,High,69.6449337520903
6,74,75,73,46,43,5,3.512902175977824,1,Low,Yes,Medium,65.57321762731428
14,93,60,64,82,61,7,2.9483158917581593,0,High,No,Low,70.27488377969775
34,95,69,71,93,65,7,2.451579104301258,1,Medium,Yes,Low,73.53918852554489
9,65,63,79,63,88,9,3.23324395633055,0,Low,No,High,67.9729290920778
37,98,83,53,43,82,7,2.080667704276904,0,Medium,Yes,Medium,77.8276401075676
5,71,81,62,67,75,5,2.652340508256507,0,Low,No,Low,72.15582737001684
22,62,69,72,54,97,5,2.9371139891822695,0,High,No,Medium,68.58699107345213
36,77,61,57,40,52,8,2.295916668218812,0,Medium,No,Medium,59.14808361554404
15,99,67,67,94,91,8,3.9693089551816794,0,Medium,No,Low,84.84377831233014
25,80,46,61,42,97,4,2.4181947291792287,0,Low,Yes,Medium,62.07063871540088
30,74,74,80,53,71,5,2.260706260086531,3,Low,Yes,Low,66.9740214188964
29,92,94,63,77,56,5,2.407069747773793,0,Medium,Yes,Medium,81.52292207466066
26,94,67,83,89,80,5,3.5381222663194487,0,Low,No,Low,77.06715221630019
31,85,53,67,96,75,8,2.8510113185436854,0,Medium,No,High,70.67317516266091
17,67,95,83,40,94,9,3.130831879505076,0,Low,No,Low,80.72217325631772
37,95,49,60,77,99,9,2.0420183139727213,0,High,No,Low,70.70139312179498
38,89,55,90,77,85,7,2.068862617146629,1,Low,No,Low,75.42925079853457
39,82,55,61,60,58,9,2.891651099654032,0,High,No,Medium,61.28303680175039
5,73,93,98,87,97,6,3.6333104864032473,0,Low,Yes,High,88.80889619297615
25,73,70,64,68,99,8,3.7704777574151302,0,Low,Yes,Medium,72.31527238878579
10,61,81,80,44,74,5,2.1734131351912804,0,Medium,Yes,Medium,71.47334030739167
32,96,64,98,88,85,9,3.0767262042020453,0,Low,Yes,Low,84.35316022839919
21,64,52,78,49,79,8,3.826459372558541,0,Low,Yes,Medium,63.39771889002204
9,97,45,75,67,95,9,2.7759455087957727,0,High,Yes,Low,77.21499047571767
35,73,83,67,60,98,4,3.659131662856737,0,Low,Yes,High,80.07939481424013
9,98,48,81,89,67,5,2.2673913087988726,0,Medium,Yes,Medium,69.63751275889244
7,84,84,71,46,40,4,3.8707889793355976,3,High,No,Medium,62.213180653562894
27,79,75,87,42,81,5,3.502846635062605,0,Medium,No,Medium,79.00292734921399
14,61,95,66,84,57,8,3.882668785573803,1,Medium,No,Low,71.90081993862391
14,98,82,72,86,87,7,3.353234467105013,1,Medium,No,Low,86.72549197175029
23,65,59,73,59,79,9,2.7268078639988538,0,Medium,No,Medium,65.14734637026348
21,76,57,99,58,72,9,3.876362345049445,0,High,No,Medium,71.13200485890687
25,84,97,57,74,51,6,2.551133552618357,0,Low,No,High,77.77714271827162
18,87,82,90,43,47,4,2.664345044123465,0,Medium,Yes,High,73.31958564998433
13,61,96,55,44,63,9,3.4016168360034804,0,High,Yes,High,69.03924927914856
5,94,60,54,40,55,8,3.5306325990507723,1,Medium,No,High,62.999897398615275
17,96,43,93,43,89,7,3.8588069676983077,2,Low,Yes,High,68.01760186795154
8,64,89,78,51,43,8,2.409604818112419,0,High,Yes,Low,69.4830642642994
5,60,72,77,99,77,4,3.595996070438448,0,High,Yes,High,78.74705368343518
36,99,66,60,66,83,6,3.477092106793927,0,Low,Yes,High,75.7033749517502
38,71,46,50,95,66,9,2.127589112507196,1,High,Yes,Medium,58.6829136738053
32,95,45,92,81,48,8,2.774446282420414,0,Low,No,Low,74.21015046688804
35,82,54,68,62,86,5,2.565530914120197,0,High,Yes,High,69.68473118410036
12,90,57,58,64,55,7,2.608980848708061,1,High,No,High,62.12264646226027
30,70,71,76,60,95,8,3.9658937591094015,0,Low,No,High,69.7083648308281
38,69,95,83,97,51,7,3.2855548269598556,2,Low,No,Medium,74.34484723987067
7,62,50,93,91,70,9,3.435352315586999,0,High,Yes,Medium,73.55026982079988
16,73,59,53,63,63,5,3.9532352746300186,0,High,No,Medium,65.2793305039409
5,75,63,85,64,94,6,2.754403564915277,2,Low,No,High,70.77056813746647
9,69,54,67,84,53,6,3.6036803369056116,0,Low,No,Medium,60.40951164804903
34,88,87,64,94,84,5,2.8690619266089907,0,High,No,High,81.02604949269877
34,69,46,62,85,64,7,3.7390673436299595,0,High,Yes,Low,59.10246329590085
21,71,60,68,71,73,9,2.3613150826226064,0,High,No,High,64.07977748017248
27,89,81,98,94,42,8,3.8953723541285594,0,Low,No,Medium,86.1536047378738
19,60,65,55,71,97,5,2.437543416821759,0,High,No,Low,71.81983581682896
25,64,83,97,44,63,4,2.6524410139618633,0,Medium,No,High,70.90830569286886
18,79,95,61,75,93,7,3.512384468213561,0,Low,Yes,Low,81.68253004820481
6,67,53,86,85,81,6,2.787510283130813,1,High,No,Low,66.8304076801364
15,71,96,66,81,48,5,3.2164227535328935,1,Low,No,Low,73.51952390699984
38,60,76,72,88,65,6,2.889147002138857,0,Medium,No,High,75.42860776673818
38,79,97,75,81,59,7,3.4847398741795637,0,Low,No,Medium,83.05743810160602
22,87,60,78,97,79,6,2.4566625047372215,0,High,No,High,79.01732553099458
34,96,57,82,78,49,5,2.116915974473754,0,Medium,No,Medium,71.36164052547427
19,96,44,76,55,58,7,2.5998587949461323,1,Medium,Yes,High,65.07393423199274
31,71,42,74,72,42,4,2.9486173297368605,1,High,No,High,57.993337493166656
38,96,62,59,88,63,5,2.336040104385357,0,High,Yes,High,73.05783116263144
37,87,65,96,60,44,8,2.7095945793127774,0,High,Yes,Medium,71.46918132360044
28,74,76,72,48,42,9,2.7999660365871373,0,Low,No,High,66.13674587902933
19,65,63,70,45,97,5,2.114783687376547,0,Low,Yes,Low,67.77650315573865
34,79,88,70,90,66,7,3.166614496368409,0,Low,No,High,78.51713670985148
21,73,58,92,84,55,9,3.7686868559425752,3,High,Yes,Low,63.700166932545464
9,61,90,62,74,88,5,2.3034858259061046,1,High,No,Medium,71.90618607933922
33,68,64,86,78,54,4,3.195616026803028,0,Low,Yes,Medium,67.93427377641281
8,96,60,82,61,74,4,3.3294784098216925,0,Medium,Yes,High,73.47379424890991
14,79,51,73,80,51,8,2.8386693608385767,2,Low,No,High,60.64463020200885
21,85,96,93,93,80,6,3.40219517472854,0,Medium,Yes,High,89.1085325067949
14,88,80,60,44,92,9,2.821463086982024,0,High,Yes,Low,72.61043705052967
21,60,72,66,81,83,7,3.00927457595487,0,High,Yes,Medium,71.98376005223263
24,94,89,53,62,65,7,2.014706089108854,1,Low,Yes,Low,75.90521489434862
28,65,92,96,56,86,6,3.383440228269378,0,Low,Yes,Low,81.07816863785311
9,96,43,74,51,73,4,3.3226853578894486,0,High,No,High,65.34733839991846
38,64,81,79,62,62,4,2.0768017546526893,2,Low,Yes,High,65.63022661457326
10,92,96,58,55,70,5,2.736500214790266,2,High,Yes,Low,73.1038603764186
6,73,46,70,42,89,8,3.9580636815833348,2,High,No,Low,60.43067268121874
17,71,61,69,69,59,9,2.8414731251372336,0,Medium,No,High,67.57492220701795
15,79,94,68,96,51,8,3.0038908102636834,0,Low,No,High,81.58594748854867
27,83,72,68,61,62,8,3.819860316319437,1,High,Yes,Low,70.12173765843968
20,93,56,61,48,43,5,3.434523751731513,1,Low,Yes,High,60.12346511112968
35,84,63,86,68,62,8,3.164140262248447,0,Medium,Yes,High,73.202414326966
15,88,73,91,86,87,6,3.5956093626821453,0,Medium,Yes,Low,84.13950065336955
20,98,67,66,76,94,5,3.7287325329119465,1,Low,No,Low,75.56622943989498
12,90,97,86,62,87,6,2.913776143474534,1,Low,No,Medium,84.81739879723101
8,82,82,97,52,40,5,2.950216729863671,0,High,Yes,Low,74.63119936741174
8,97,80,88,71,93,8,2.7721018713036716,0,Medium,Yes,High,86.86633720663211
29,79,78,77,85,64,6,3.9334122800369213,0,Medium,Yes,Low,77.1505129740903
7,82,61,90,91,41,6,3.3943325085807006,0,Medium,Yes,Low,76.71032276194485
36,75,88,84,86,69,6,2.1664461324161444,0,Low,No,Low,79.03037560588417
7,67,56,96,87,42,5,3.725919246626037,0,High,No,Medium,70.2589513995414
31,80,73,97,62,97,7,2.961119881672536,0,Low,Yes,Medium,81.06751258672189
33,60,45,67,84,60,8,2.1375078128449747,0,Low,No,High,60.504292564253085
36,67,85,63,56,64,6,3.0994345103266223,0,Low,Yes,Medium,67.87484843537838
23,88,45,84,94,59,9,2.8343285579514044,1,High,Yes,Low,70.88868653449738
25,91,73,93,79,88,7,3.7554988097252497,0,Low,No,Medium,85.05568306864231
9,97,40,90,60,91,9,2.4079892072187747,0,Medium,Yes,Low,73.7172747936074
22,64,49,56,41,61,8,3.652929218984366,2,Medium,No,Medium,50.33849080963793
32,81,60,90,76,60,8,3.1153773823709052,0,Medium,Yes,Medium,71.95021037071955
26,93,44,62,45,72,6,2.109220606426938,3,High,No,Medium,55.61687690291109
25,60,41,67,83,91,6,3.9436906026509693,1,Low,Yes,Low,62.66693130011127
10,85,61,86,57,77,5,3.0252304882064,0,High,No,Medium,68.58884765416052
5,69,87,62,69,54,7,2.581753708463165,3,Low,Yes,Low,66.49586573515091
9,89,96,85,61,97,7,2.938813683978516,0,Medium,Yes,Low,92.15238562936614
16,77,41,80,93,97,6,3.715715567034978,0,Low,No,High,73.16067009390696
30,76,49,51,72,85,8,2.609806248770127,0,Low,Yes,Medium,63.08814675158445
38,85,73,65,69,91,6,2.385352792973401,0,Low,No,High,75.57752949064147
18,67,55,58,56,54,8,2.258142493861763,2,High,No,High,55.41508470186834
30,99,87,58,82,85,8,2.5957187967804227,0,Low,Yes,Low,82.03342267336976
31,71,90,87,71,64,6,3.560096174080087,0,Low,Yes,Medium,80.58735054267837
13,86,78,60,81,60,4,2.9432527303905234,0,Low,Yes,Low,73.40171856573951
30,67,61,71,90,63,7,2.45496320738708,0,High,Yes,Low,72.27836693324868
26,84,51,82,53,96,9,2.332369999219498,0,High,No,Medium,74.22319227204437
34,63,63,85,97,97,8,2.6654589530207584,0,High,Yes,Low,76.93966066411811
21,92,86,94,49,44,8,3.879848745771418,1,Low,Yes,Medium,74.78795232652239
30,60,79,72,86,45,4,2.6860534251800487,0,Medium,Yes,Medium,69.70526227624332
5,78,77,94,99,88,9,3.976248151909271,1,Medium,No,Low,83.53206734847252
12,90,99,94,90,82,5,2.9704609115307123,0,Medium,Yes,Low,90.40514190987865
39,75,98,83,75,87,4,2.358327836580302,1,Low,No,High,81.12547863145129
19,73,49,58,73,83,9,3.7822801835870186,1,Medium,Yes,Low,64.79951514309592
26,64,74,73,48,86,4,2.9207107462696538,0,Medium,No,Medium,71.87957402840834
18,85,90,57,81,62,8,3.419342687009049,0,Medium,Yes,High,78.99504142835454
30,87,88,56,67,43,7,3.9674231664183033,2,Low,Yes,Medium,67.36124326611935
32,61,71,85,50,66,4,2.100350700639948,0,Medium,No,High,71.68402353997939
27,65,46,67,53,57,5,2.1933891195751345,3,Medium,Yes,Low,50.655062046650855
18,68,60,52,78,60,6,3.440913482925512,0,Low,Yes,Low,64.42575234779949
28,92,59,77,94,67,9,2.5636500065909438,0,High,Yes,Low,72.87275597093003
6,84,65,55,86,74,4,2.368602793900198,0,Medium,No,Medium,70.8405293370043
30,72,43,93,93,61,4,2.078723759639459,3,High,Yes,High,62.68835788885238
18,68,85,93,58,79,5,2.0436934239724036,0,Medium,No,Medium,78.11902492395677
11,72,91,70,93,62,7,3.5489712062395817,2,Low,No,High,72.29900206400863
7,90,61,77,54,42,4,2.2688668547391,2,High,No,Low,63.50776185564851
27,70,54,89,67,79,4,2.9354412319423018,0,High,Yes,Medium,71.95722062260674
22,63,95,50,63,89,7,3.211793630358966,0,High,No,Low,72.41228122175416
39,93,79,85,47,49,5,2.8567036011376925,1,High,No,Medium,69.40531696735734
19,97,60,70,82,64,9,2.054213304672466,0,Medium,Yes,Low,71.76211675021216
29,63,54,92,48,91,9,3.5670030051758177,1,Medium,No,Medium,67.04099733828038
32,97,61,84,86,88,4,2.021026449083307,0,High,No,Medium,79.4067932901833
14,78,91,62,72,47,7,3.5237797887549682,0,Medium,Yes,High,72.88186950072725
21,65,67,98,72,94,4,3.7866089875762454,1,High,Yes,Low,73.45307851059461
26,93,53,59,58,50,6,2.8656798421143446,0,High,No,High,66.45857281100292
30,77,66,93,42,44,9,3.0710849461955965,0,Low,Yes,High,66.84639725632557
29,72,80,96,49,97,8,2.9539667852353073,0,High,Yes,Low,81.79943065845326
21,82,79,59,79,84,6,2.7784172372468774,0,Medium,Yes,Medium,77.33633966847768
17,78,97,95,86,92,4,3.7748490707407205,0,High,No,High,90.31623989006987
24,70,67,62,81,94,5,3.7878670213399808,1,Low,No,Low,70.56267535022143
29,60,65,86,40,76,9,2.6716327292830693,0,Medium,Yes,Medium,64.64951264672443
8,83,88,87,68,95,8,3.2301395080293958,0,Low,No,High,83.94907369823255
14,66,41,73,89,98,6,3.853815124291728,0,Low,Yes,High,66.134395336803
7,84,64,51,73,84,9,3.9241169978827033,0,High,Yes,High,67.51626805613411
22,80,95,71,90,77,7,3.017918080844095,0,Low,Yes,Medium,87.9227508351027
26,74,42,66,52,68,5,2.905649610568654,2,Low,Yes,High,55.15782473016388
38,60,47,85,93,44,6,2.5573886318570516,1,Medium,Yes,Medium,64.58143448340812
12,71,83,63,40,48,7,3.91774374638082,0,Low,No,High,63.31187548592796
23,66,72,59,73,98,4,2.2856286089457347,0,High,No,Low,69.7467928150705
10,74,81,84,68,87,7,3.15965915209545,0,High,No,High,77.1944435780823
30,80,91,74,87,41,6,2.5651005350372778,0,High,No,Low,76.45585622982061
38,78,74,52,86,40,6,2.5580165806955932,0,Low,Yes,Low,67.17299986365231
10,88,45,96,52,79,4,2.8099371747523767,0,Medium,Yes,Low,69.64812676631202
37,84,78,87,87,99,7,3.9975858716313093,0,High,No,Medium,83.95361806302674
26,92,91,66,88,90,7,2.109932613679644,0,Low,No,Low,85.77543001863553
25,91,62,61,92,69,4,3.157083636407063,0,High,Yes,High,73.50077224907989
10,94,64,73,68,50,7,2.1651443160705544,3,High,Yes,Medium,65.70455285510316
10,97,98,78,78,67,9,2.309041659981038,0,Medium,Yes,Low,89.09086460602508
8,85,89,92,63,83,4,2.8791258835457976,0,High,No,Medium,83.27221242098217
34,70,82,74,65,51,5,3.020920262692883,0,Medium,Yes,Medium,73.23096118726926
15,94,58,85,56,78,6,2.517584816729048,0,Low,Yes,Medium,73.43187518685598
34,67,44,75,46,65,5,2.6329142617488324,1,High,No,High,53.195362025164435
35,73,90,87,52,52,9,2.173934040511866,0,Low,No,Low,78.16654162079166
28,69,50,50,44,98,9,2.606439567688501,0,Low,No,Medium,64.64507288379937
13,61,95,69,65,47,8,3.933116878761088,0,Low,Yes,Medium,72.5381929561031
7,68,51,77,88,93,8,3.8894147633449636,1,High,Yes,Medium,69.62956992883827
35,62,49,65,42,67,8,2.66975658027397,0,Medium,No,Low,55.907189879671
28,80,47,96,46,97,4,3.1417078725575234,0,High,Yes,Medium,69.82210406103118
35,85,63,66,97,69,7,3.819190782221889,0,Low,Yes,Medium,76.42140250629504
10,67,99,89,88,48,9,2.0123676452817936,0,Medium,Yes,High,81.26545352390366
6,61,67,77,78,78,5,3.6213671406751837,0,Low,No,Low,74.44787959448954
24,65,80,61,92,70,5,3.896739105577838,0,Medium,No,High,73.56972483065833
32,87,75,76,40,97,5,2.182651468667114,0,High,Yes,Low,74.82530661315319
15,88,76,91,88,60,5,2.322895372065842,1,Medium,Yes,Low,77.59739907097655
8,85,60,96,56,95,8,3.921492605542711,0,High,Yes,Low,75.36256782941099
19,84,47,79,82,86,5,3.0750802872806924,0,Low,Yes,High,72.92829165281209
10,71,94,90,64,73,7,2.0283932689434474,0,Medium,No,High,78.36101329028398
34,64,48,83,98,94,8,2.5152639975270583,3,Low,No,High,64.9633250333275
6,93,86,86,42,70,5,2.8998873485377192,0,Medium,Yes,High,81.04896525168215
19,96,54,55,54,91,4,3.3858178220495354,1,High,Yes,Medium,64.24090137835105
15,74,87,56,68,64,6,3.466320756273599,0,Medium,No,Medium,73.62540984398002
12,95,85,81,92,51,6,3.9908430258509124,0,Medium,Yes,Medium,78.02397637699838
30,74,79,81,82,40,6,2.5750223987675183,0,High,No,Low,75.9001740843515
9,82,57,74,71,94,8,3.0764402037369507,0,High,Yes,Medium,70.5095363219449
10,65,81,82,65,61,5,3.06664709571921,2,High,No,Low,66.8472125130505
30,80,99,56,99,79,9,2.811290518894475,3,Medium,Yes,High,78.96068515597264
8,82,59,61,55,76,9,2.3383237876848404,0,Low,Yes,Low,66.4908162684161
23,75,45,65,64,86,9,3.954913126367685,0,Medium,No,Low,65.78997487218962
24,74,51,65,93,40,8,3.706634373333172,2,Medium,No,Medium,56.493474741484846
37,84,41,92,67,40,7,2.9966660565884746,0,Low,Yes,High,62.97638918133292
24,95,46,85,48,96,4,3.2064908453680596,0,High,Yes,High,70.16584358157913
16,70,55,62,95,81,4,2.454522107119325,0,Medium,No,Medium,67.07962240369515
5,74,42,56,95,93,6,3.087574140783494,0,Low,No,High,67.99179491704074
30,63,84,85,40,81,6,3.3899402662429514,0,High,Yes,High,74.83610289321359
18,80,42,96,68,60,9,3.0303340567731776,0,High,Yes,High,66.32626758991893
15,72,66,58,96,54,9,3.9805703411698827,0,Medium,No,Medium,71.34542259859234
17,81,89,81,61,56,6,3.2226833124954526,0,High,No,High,75.07859955824333
7,78,82,60,55,61,5,2.741947425184338,0,High,No,Low,72.59693464827409
37,93,79,57,80,77,7,3.5443040552316765,0,Low,No,Low,78.37447811951651
10,73,77,82,90,74,7,2.340925023163284,1,Low,No,High,74.25286562904998
14,63,72,72,83,84,7,2.769031627412533,0,High,Yes,Medium,77.61304853416533
9,86,67,74,90,55,7,2.6939179007551717,0,Low,Yes,Medium,72.96104493361794
27,88,40,57,93,47,6,2.8636141902155545,2,High,No,Medium,60.4102354792289
14,87,94,94,80,86,4,3.5635596518574526,2,Medium,Yes,High,85.59129824385927
6,94,47,71,46,56,6,2.968346064326815,0,Low,Yes,High,63.14888244890366
17,67,76,53,53,56,7,3.5880289005319255,0,High,No,Low,64.95241356098461
6,75,71,89,68,93,6,3.152977806279732,1,High,Yes,Medium,77.94170236893801
24,95,99,52,58,65,7,2.6841388693151105,1,Low,Yes,Low,74.86570687375307
5,89,87,78,58,52,8,3.619957487366945,3,Low,Yes,Low,71.0633311918772
13,77,82,90,41,56,9,2.4765793411061834,2,Medium,No,Medium,69.46319969739702
21,61,76,78,80,77,4,2.4487659595995908,0,High,No,High,74.5771223993785
13,72,43,83,84,56,8,3.0090058481096715,0,Medium,Yes,High,64.49336693234055
15,63,69,83,54,87,5,2.5216984919241776,0,Medium,Yes,Low,71.47312966638849
19,85,45,77,42,53,6,2.0181740699024324,0,Medium,Yes,Low,64.08508149239171
28,84,85,62,50,84,5,3.296595054597603,0,Low,Yes,Low,74.20994529577169
39,89,93,64,92,45,6,3.022187642944796,0,Medium,Yes,Low,81.46317483960841
34,70,58,72,85,74,9,2.891035628986322,0,Low,Yes,Medium,68.41072715216707
35,66,71,93,69,85,8,3.9339370292366307,1,Low,No,Low,72.43737067535452
9,90,48,75,96,53,9,3.1423983679258276,0,Medium,Yes,Low,76.302798690226
18,69,51,53,79,86,7,3.7268631555787692,0,Medium,Yes,High,65.53004839397849
15,98,50,75,57,47,9,2.2789004724103203,0,High,No,High,66.33502692257923
13,72,85,89,90,54,9,3.138412926258855,0,Medium,Yes,High,80.4904555436684
38,90,94,58,87,93,7,3.7359592534618056,1,High,Yes,Medium,85.61459941306919
16,66,55,54,41,66,6,3.166211514559796,0,Medium,Yes,Medium,57.36562002923551
39,95,40,81,71,52,7,3.436028356254003,3,Medium,Yes,High,61.28244374511439
39,79,84,69,47,88,8,2.7440871356244148,0,Medium,No,High,72.93286344348695
5,63,94,99,61,70,9,2.1848990340741334,0,Medium,Yes,Low,82.2178470744889
26,66,92,60,45,92,7,2.915800590254143,0,High,No,Low,72.87647888392492
33,60,60,64,51,95,9,2.788958781677715,0,High,Yes,Medium,66.04348496438374
12,72,69,81,86,74,8,3.734120364757895,2,Medium,Yes,Medium,67.86976009061061
15,81,52,77,96,99,5,2.4879906047049447,0,Medium,No,Low,77.71035918473021
18,80,73,71,79,45,8,3.933468455070216,2,High,Yes,High,62.21620729045034
34,81,43,90,75,44,4,3.916276239608992,0,Low,No,Low,64.39816905912765
39,87,67,66,54,61,4,2.4952632861428774,2,Low,No,Medium,60.53889681820079
25,68,77,75,67,97,4,2.696103910954641,0,Low,No,Medium,77.56607345250104
9,85,97,93,91,88,9,3.79111148174777,2,High,Yes,Low,87.68853976235175
23,68,70,56,96,62,6,3.933244441792215,0,High,Yes,Low,67.95842519391945
18,74,98,91,88,64,6,2.886878205672088,0,Low,Yes,Low,88.06881609006966
30,69,94,75,84,73,6,2.641994091281796,0,Low,Yes,Medium,78.75666701133323
8,83,66,74,57,65,9,3.0521880265030843,2,Medium,No,High,59.43761233501982
29,67,44,59,41,86,8,3.3755384127314696,0,High,Yes,Low,58.47727006773031
29,83,64,94,52,44,6,2.5469490307499596,0,High,Yes,Medium,65.46680256117209
22,75,42,68,84,65,5,3.4729463492381454,2,Low,No,Medium,57.81998071397832
12,85,72,60,93,59,4,2.103314714229282,0,Low,No,Medium,72.36530685412143
18,86,43,62,54,45,8,2.098588985528833,0,High,Yes,Low,54.50201230060798
36,96,64,57,59,45,4,2.7725754102910907,0,Medium,No,Low,64.41254482788356
37,63,59,89,68,98,6,2.706946384121441,0,Low,No,High,70.18943622549023
27,83,73,53,98,89,8,2.6312664307343043,2,High,No,Medium,73.47476637026608
19,78,65,96,81,57,7,2.98203952533782,1,High,No,Low,70.54250948849563
37,95,44,80,68,43,5,2.6414671646231422,0,Medium,No,Medium,64.91029279756404
29,98,74,77,42,56,6,2.384515836936184,3,Medium,Yes,Medium,68.22401540854241
21,69,67,60,58,96,6,2.6189390981772016,0,Low,Yes,High,70.56474554058433
37,84,68,92,42,53,5,3.9498085456204697,0,Low,Yes,Low,69.68657861571685
6,77,48,50,93,53,5,2.8222268339896974,0,Low,Yes,Low,59.722525363160365
18,78,91,98,53,52,7,2.8894255537166718,0,High,Yes,Medium,78.56835423184516
10,95,77,96,79,46,6,3.15308997990228,0,Low,Yes,Medium,78.65856175106583
10,69,89,87,98,83,9,3.966681536828453,2,High,Yes,High,81.45224691740306
7,92,45,73,94,94,6,2.483202552871526,1,Low,No,High,69.269429565094
11,64,58,96,43,54,4,3.3625642210648676,0,Medium,Yes,High,65.5645221126713
12,94,99,80,98,58,8,3.4319693870834485,0,Medium,Yes,High,87.9664331260263
19,93,83,90,99,82,8,3.214648833586132,1,High,Yes,High,91.06703336001834
33,92,96,95,91,86,4,2.1771566792732884,2,Medium,No,High,91.36212292368546
37,80,50,99,50,83,8,3.353744551655153,2,High,Yes,Medium,67.88237387284211
34,76,41,75,97,74,5,2.128189422072351,0,High,Yes,High,67.90201405258486
31,81,86,98,70,56,8,3.192285299099794,1,Medium,No,Medium,77.04079127259666
33,96,83,99,82,74,8,3.4791623544434853,0,High,Yes,Medium,89.18481859006826
37,74,83,54,71,58,4,2.421939781239901,0,Medium,Yes,Low,69.39106041736058
31,94,48,69,66,59,7,3.683244015085548,0,Low,No,Medium,68.0867292658966
37,87,60,90,69,75,8,2.0607076110660083,0,Low,Yes,Medium,75.80164632747056
8,66,63,60,82,74,9,3.687625727316612,0,Medium,No,High,68.31599425449953
26,91,73,82,41,71,8,2.92065810128553,0,Medium,Yes,Medium,74.48905225393592
6,70,61,99,88,97,7,2.435175879863289,0,Medium,Yes,High,78.01074612312487
14,69,42,87,48,87,4,2.267556289987936,1,Medium,Yes,High,60.005727512252754
9,68,51,76,67,83,7,3.906614335164745,0,Low,No,High,64.48658110327355
14,73,67,83,70,79,4,2.1453311751623136,0,High,No,Low,75.74499382975199
37,72,69,64,99,63,5,2.398186839871851,0,High,No,High,70.30855682496306
17,84,65,81,73,56,4,2.695644694866092,3,Low,Yes,Medium,64.20768058360933
35,61,87,70,95,46,5,3.240469697922241,0,High,Yes,High,74.52503425394629
28,94,60,95,54,82,5,3.0896021705521965,0,Low,No,High,75.69590175073029
19,66,67,54,87,89,4,2.251286984824628,0,High,No,High,69.74041151581608
33,80,95,55,64,40,9,2.579455967476429,1,Medium,Yes,Low,68.16689006234616
12,77,65,87,75,74,6,2.477503542172048,3,Medium,Yes,Medium,63.9987366443173
9,62,72,71,47,71,4,2.427085708980683,0,Medium,Yes,Low,63.966236948071966
33,98,60,67,48,75,8,2.8222886729599743,0,Low,Yes,Medium,71.81312627376418
8,70,74,63,97,52,9,3.408062905183314,2,Low,No,Low,66.07120379693205
16,98,91,59,97,45,9,2.434905864434472,0,High,Yes,Medium,76.19902058796453
6,83,73,95,76,97,8,2.733357759405963,0,High,Yes,Low,81.43401152226302
31,78,80,62,87,53,6,2.7818348536823247,0,High,Yes,High,73.71970792951
35,63,90,80,84,76,9,3.9529130588708203,0,Low,Yes,Low,80.28006921841148
30,85,86,79,78,87,5,3.909332713758138,0,High,Yes,Low,82.76143877487729
31,97,57,52,71,54,6,3.6002751655041516,0,Medium,Yes,High,64.27159190582992
9,91,97,79,97,86,8,2.48331784163837,0,High,Yes,High,87.74560802848791
24,98,50,55,91,43,6,2.1360746281833394,2,Medium,No,Medium,62.43637007282402
15,95,96,78,56,79,4,2.6338082754412495,0,Low,No,Medium,85.32574083533557
14,99,62,57,74,98,6,2.5335890988676617,1,Medium,No,Medium,76.17776000410369
10,96,87,93,76,55,5,3.011851600292788,0,Medium,Yes,Low,81.32882528261992
12,92,61,94,58,67,4,3.5554558201355864,0,Medium,No,Medium,76.98104596081238
27,95,56,92,83,55,7,3.716645877757716,0,Low,Yes,Low,74.7867758254711
30,62,44,93,68,43,8,3.689728170821017,2,Low,Yes,Low,56.903143926808625
16,68,83,82,98,84,8,2.7193511224461355,1,Low,Yes,Medium,81.98718408126292
30,67,50,66,46,65,6,3.374468686921366,0,Low,Yes,Medium,57.168092193040536
17,92,69,97,67,67,9,2.6256683950484403,1,High,No,Low,72.27239399730193
22,65,54,60,48,71,4,2.121811086470365,0,Low,Yes,High,60.45972309639153
29,98,66,62,67,84,7,3.4031305312058846,3,Medium,Yes,High,69.14714148859015
37,63,74,99,45,41,4,2.0196551051395755,1,Low,No,Low,64.77944630624604
16,72,72,60,68,70,8,2.818365174916977,2,High,No,Medium,65.9450626878744
8,61,59,80,97,42,4,2.6587585386041512,0,High,No,Low,68.40388692093039
9,64,55,77,56,93,7,3.386755077037705,0,High,Yes,Low,64.02598737587684
12,86,73,93,55,47,9,3.532490945520758,0,Medium,No,Medium,73.04502594879544
32,91,41,55,62,63,6,2.6081892719425674,0,Low,Yes,High,55.69487478630183
35,80,74,90,70,54,5,3.623254028889707,0,Low,Yes,Low,74.55261362097643
13,67,79,65,42,82,4,2.5878335210098675,0,Low,No,High,67.95451551194263
33,97,95,53,60,70,5,2.8926527199731225,0,Medium,No,High,78.98381803485448
18,67,67,84,65,48,8,3.4540370540282677,0,Medium,No,Medium,65.10388954075215
26,62,86,97,75,78,6,3.385840458449577,0,High,Yes,Low,79.70702692829697
15,62,78,75,81,84,6,3.9747369446244,0,High,Yes,Low,69.11788560148572
27,81,45,61,76,41,4,2.4503220484318637,3,Low,Yes,High,54.56500764206767
5,65,48,60,92,47,9,3.324635827079165,0,Medium,Yes,High,60.073200166411844
25,61,59,86,61,46,6,3.219363816551555,0,Medium,Yes,Medium,63.32448287564121
30,82,99,74,81,95,4,3.83019690898006,1,Low,Yes,High,82.31313852793056
27,61,40,67,51,83,4,2.31272428328975,0,Low,No,Medium,58.496124349706015
5,97,47,68,81,90,5,3.5035963271738657,0,High,Yes,Low,76.05549940702845
19,76,94,72,52,78,6,3.1365372325375365,0,High,No,Medium,76.93017456224761
25,94,62,87,50,81,4,2.549331739575811,0,High,No,High,75.75017781616329
13,93,42,67,93,96,5,2.948869828294348,3,Low,No,Low,65.20875795374822
13,82,43,75,55,55,7,2.667553194139596,0,Low,No,Medium,60.64628761990589
14,89,97,55,47,74,5,3.1586268055769215,0,High,No,Low,72.98731877208367
30,67,64,53,79,69,5,3.7780012216293315,0,High,Yes,Medium,66.97624360938693
39,81,86,93,98,49,4,3.138609968824404,0,Medium,Yes,High,82.96968115433079
29,95,77,78,96,77,8,3.263444836653168,1,Medium,Yes,High,79.21142722834787
30,64,54,83,79,57,8,3.0374956942294187,0,High,Yes,Low,64.39627564632384
15,72,60,66,84,89,9,2.102331012890952,0,High,No,Low,71.67217234519663
6,88,74,92,98,44,8,2.4657171137521887,0,Medium,No,Low,81.34773003192835
11,90,96,92,41,92,5,2.9840034588641657,0,High,No,Medium,88.10905440703704
22,75,92,65,69,68,9,2.6204705674894093,0,Medium,Yes,High,75.88174924190967
31,89,92,51,69,78,4,2.3635271955223884,1,Medium,Yes,Low,72.92070265226124
38,75,85,83,51,99,6,3.0082656838368766,1,Medium,Yes,Low,78.07693028064759
31,71,91,57,49,73,5,2.645619586895701,2,Low,Yes,Low,70.7697647980647
21,76,53,62,83,82,5,2.5162152863468297,2,Low,No,Medium,61.00450318935497
28,75,75,91,50,84,9,2.9279708348807616,0,High,No,Low,73.89080870142213
29,71,51,57,54,62,4,2.2665685161643463,0,Medium,Yes,Low,59.52192868849328
11,67,56,79,55,44,7,3.8554914661508146,1,Low,Yes,Medium,59.15719827050833
10,79,78,81,56,69,5,3.735404195838478,1,High,No,Medium,71.0599605434704
28,62,48,85,65,45,7,3.4152411714810706,1,High,No,Low,58.740227746602905
37,75,74,96,41,95,7,2.2124276551769126,0,High,No,Low,78.75509040370864
33,89,99,79,89,97,8,3.551754508939386,0,High,No,Medium,91.003327315615
26,82,52,50,51,85,4,3.615914656218038,1,High,Yes,High,60.0279846114158
30,87,54,92,90,83,7,3.535529235428675,1,Medium,No,Medium,77.12804833985143
32,99,57,88,65,43,4,2.227931774238482,3,High,No,High,64.1589702361916
25,64,90,66,62,68,8,3.287815914135529,0,Medium,No,Low,74.78504712175626
11,79,72,69,57,62,4,3.668649591498797,0,Low,No,Low,73.1034793569687
21,99,45,73,71,45,5,3.1547068024393354,0,High,Yes,High,63.51411606374067
24,60,98,99,88,71,7,3.292814750456178,1,Low,Yes,Medium,80.54994893443191
24,89,66,71,77,81,4,2.916726958852612,0,Medium,Yes,Low,76.24343847738008
26,80,62,78,96,57,6,3.0574146397681052,0,Medium,Yes,High,70.57899095394419
32,79,98,71,86,54,4,2.0687537167034504,3,Low,Yes,Medium,71.79484504209293
11,65,66,93,42,79,7,3.277926043946569,0,High,Yes,High,65.45158845935231
5,81,73,58,77,97,8,2.1628944257823184,1,High,No,Medium,73.03549550485624
36,77,95,86,42,71,8,2.870029188680447,0,Low,No,Medium,77.9840193943455
17,67,85,59,69,48,7,2.5853101953348157,1,Low,No,Medium,65.21527402171553
34,98,77,85,40,76,5,3.090855900423426,0,Low,No,Medium,79.88066636706435
27,91,53,86,69,49,5,2.266832671046414,2,High,Yes,High,67.63177453409223
23,92,75,77,84,59,8,3.3832868039466364,2,High,No,High,77.60768792804352
36,75,92,77,71,45,8,3.5900230738569405,0,High,Yes,High,75.49305693186741
34,71,47,91,67,87,7,2.326708899486313,0,Low,No,High,71.96763811702155
33,97,74,92,60,95,5,2.208626174703764,0,High,No,High,83.8677052975743
33,93,58,70,97,98,8,2.291030965574718,0,Medium,No,Medium,79.66676462503924
34,73,69,73,85,42,5,3.7542551237970034,2,Low,Yes,Low,64.01522784940909
20,95,53,91,52,81,8,3.0563785235127123,0,High,No,Low,68.52370641848971
23,92,98,89,66,50,4,2.9345219920150054,0,Low,Yes,High,84.27458291002797
22,82,59,51,75,82,6,2.2134236382047083,0,Medium,Yes,High,70.15827247305606
5,61,88,57,46,56,9,3.2991120135139234,1,Medium,No,Low,60.2487641434035
18,80,64,97,61,71,4,3.73599918379018,3,Low,Yes,Medium,68.38060267563479
6,61,79,76,49,43,9,3.656371738646906,0,Low,Yes,High,66.88329433682914
32,86,63,71,78,43,8,3.2521094179616026,0,Medium,No,Medium,67.73100244670917
34,68,53,86,92,56,6,2.150557433303347,0,Low,No,Low,71.28620734666454
8,60,65,76,54,80,6,2.224794054352026,0,Medium,No,Low,66.51943393328527
5,70,77,78,54,58,8,2.0986179742196494,0,Medium,No,High,68.44968293860347
12,62,62,52,43,44,8,2.5149584329849386,0,High,No,Medium,56.95057382588247
33,82,61,93,71,71,5,2.2713229343207555,0,Low,No,High,72.73249252771981
7,85,87,62,62,61,8,2.5200960805048678,0,Low,Yes,Low,72.50019193635042
36,63,96,94,94,95,7,2.7701161114379236,0,High,No,Medium,86.75890823056538
14,77,58,59,45,45,8,3.8859655681422716,0,Medium,No,High,55.81480946102547
14,65,85,85,63,74,7,3.220752119563384,0,Low,Yes,High,76.35606783474877
23,94,90,58,59,61,8,3.669947571365925,1,High,No,High,72.374130796443
38,81,42,76,97,40,5,3.4207030014246644,1,High,Yes,Low,63.52722619283291
37,74,81,83,76,59,7,2.2250062610532635,0,Low,No,High,72.48071932893696
27,81,58,50,59,61,4,3.4718408127478977,0,High,No,Medium,59.35490381899116
32,96,48,81,51,87,7,2.550197763118249,1,Medium,Yes,High,68.60315817905274
36,71,67,74,72,94,5,3.278215693989413,3,High,No,Low,70.93936119440743
11,97,59,78,67,50,9,2.681923947285977,0,Medium,Yes,High,71.00700429783504
33,77,84,56,47,52,7,3.995344526529318,0,Medium,No,Low,65.47121881029912
12,94,46,98,40,98,8,2.527102958993556,0,Low,No,Low,69.9209372932394
5,89,53,52,76,81,8,2.5582609415485393,0,High,Yes,Medium,66.35430790318782
7,83,48,69,61,42,9,3.8613445111247966,0,Medium,No,Medium,60.16503175491435
28,89,98,69,45,48,5,2.049288809272645,0,Medium,No,High,70.23461621191382
27,73,99,79,60,99,6,3.393377975746394,0,High,Yes,Low,81.52325985950417
12,65,94,84,71,51,8,3.4506527814717565,0,Medium,No,Low,74.82488807070607
7,62,96,84,74,62,4,3.6727571548207987,0,High,Yes,Medium,77.88518278563006
37,75,99,98,54,53,5,3.9488786212769504,0,Low,No,Medium,80.2413270405026
32,66,58,88,44,72,7,3.9512038383133046,0,Medium,Yes,High,64.37826444358573
12,73,86,76,99,57,7,2.130553515132928,0,Medium,No,Low,80.01174636440584
38,68,91,75,95,88,4,3.643678645505805,0,High,Yes,Medium,83.59941380606094
39,74,53,63,85,98,8,3.2926198673147624,2,High,Yes,High,66.00987343098964
36,80,95,66,89,80,5,3.2946842687461824,0,High,No,Low,84.33755076187586
28,94,77,67,87,48,4,2.2566998532293896,1,High,No,Low,74.67388123302027
18,61,92,94,45,62,8,3.3003743328913067,2,Medium,Yes,Medium,67.74240289850745
36,86,75,78,64,49,5,3.9649651612024956,0,Low,No,High,72.18594486168271
20,61,79,69,95,58,7,3.823637139078894,0,Low,Yes,Medium,74.4305210629344
8,94,56,76,85,86,5,2.878261321609701,0,Low,No,High,78.56497855860437
25,77,69,67,98,44,9,2.0798959465721887,2,Low,No,Low,67.54181758127056
18,73,48,53,95,86,6,2.7245869800004097,2,High,Yes,High,62.28342287650721
35,79,72,50,79,91,5,3.65278062320111,1,Medium,Yes,High,71.74263958846488
22,77,95,99,68,62,6,3.4029982029303323,0,Medium,No,High,84.81554686258357
11,69,91,50,46,69,5,2.918687311187913,0,Medium,No,High,68.58166389801913
14,84,64,75,79,64,6,2.110203070317662,0,High,No,High,72.90720829115685
11,61,53,94,52,67,9,2.8537894556466052,0,Medium,No,Medium,64.25039369132936
37,84,50,69,77,73,7,2.9380498794357672,0,High,No,High,65.42642959783264
27,92,92,72,57,84,8,3.857111065788272,0,Medium,Yes,High,81.20127175949568
25,95,74,59,41,95,6,3.2821722071643187,1,Low,No,Low,70.04577210823894
23,90,80,60,47,87,9,2.623305833309298,0,High,No,High,72.75215724467391
23,73,98,90,50,86,6,3.0506365289014425,0,Medium,Yes,Low,85.26766897832032
33,60,53,90,72,64,7,2.1321106156443204,0,Low,Yes,Medium,68.203114755461
22,75,69,54,93,49,6,3.945136471299474,2,Low,Yes,Medium,60.41300181832985
6,62,80,50,77,53,9,2.720119803861452,1,Low,No,High,61.73024244744731
5,94,43,66,87,81,9,2.9557347098262716,0,High,Yes,Medium,69.37287591089488
9,65,98,71,66,96,4,2.7105679484738454,0,High,Yes,High,79.61873553972808
24,84,43,83,59,85,7,3.3650234602324005,0,Medium,Yes,Medium,68.53483654700759
15,72,67,94,51,97,4,3.324464316659186,2,Low,Yes,High,69.01282984438559
6,93,47,90,82,69,7,3.4306446210582715,0,Medium,No,High,75.26706392259723
7,67,41,78,70,94,6,2.5362864592238417,0,Medium,No,Low,65.81198891011634
27,80,80,53,66,80,9,2.631336962328132,0,Low,No,Low,71.81897591057765
16,93,85,54,71,64,4,2.250502462192416,0,Medium,Yes,Low,75.12136111456846
24,63,61,60,49,53,6,3.311019943692225,1,High,Yes,Low,55.36498385296994
9,84,80,70,42,74,9,2.079594254671305,0,Medium,Yes,High,68.13871485854779
34,74,95,84,84,91,7,3.195364671046918,0,Low,Yes,Medium,86.37385196154295
13,63,94,61,66,87,9,3.7393917697032677,0,High,Yes,High,75.30850722273088
38,71,55,75,74,73,6,3.781664296579267,0,High,Yes,Low,65.8410859746945
39,91,68,68,70,49,4,2.8980755207399236,2,Medium,No,Low,68.24485966283316
26,91,88,94,54,74,4,2.9186073764261478,0,Medium,No,Medium,83.93887602678643
28,87,87,56,55,50,9,2.1539383660160345,2,High,Yes,Low,71.3277134131585
21,72,69,96,52,50,6,3.3415300508860715,1,Medium,No,High,69.2696570023849
14,90,51,56,88,60,5,3.6425188407456908,0,Low,Yes,High,65.41312986593945
34,73,74,75,74,60,7,2.489310109209426,0,Medium,Yes,High,70.08842124279643
27,79,50,89,91,61,7,2.842601763266729,0,Medium,No,High,70.41138879742729
36,77,85,54,50,84,6,3.677678673530541,1,High,Yes,High,68.4667427686427
21,88,89,70,98,46,5,3.7542409353245763,0,Medium,No,Medium,80.11756672770794
21,65,60,63,60,94,4,2.4863599605284517,0,Medium,Yes,High,63.622405245682
